Cluster_ID,Tech_Link,Connection_Type,Num_Vendors,Num_Devices,Vendors,Devices,provider,provider_role,provider_subrole
D1_C0001,Amazon Alexa,Technical Integration,52,162,360|Amazon|Amcrest|Aqara|Arlo|Belkin|Blink|Bose|Canary|D-Link|Dalen|Ecovacs|Edimax|Ezviz|Flux|Foscam|Gosound|Govee|HP|Harman Kardon|Homematic|HoneyWell|Huawei|Invoxia|Koogeek|LG|Lenovo|LiFX|Logitech|Magic Home|Meross|Microseven|Mijia|Nest|Netatmo|Philips|Ring|Roku|Roomba|Samsung|Smarter|Smartmi|Sonoff|Sonos|TP-Link|Tuya|Wansview|Wiz|Xiaomi|Yi|Zmodo|iHome,360 Camera_selfdata|Allure Speaker_Mon(uk)|Amazon Echo Gen1_Mon(uk)|Amazon Echo Gen1_Mon(us)|Amazon Echo Gen1_Our|Amazon Echo Gen1_Our2|Amazon Echo Gen1_UNSW|Amazon Echo Gen1_YT|Amazon Echo Gen2_IoTLS|Amazon Echo Gen2_Mon(uk)|Amazon Echo Gen2_Mon(us)|Amazon Echo Gen2_Our|Amazon Echo Gen3_IoTLS|Amazon Echo Gen3_Mon(uk)|Amazon Echo Gen3_Mon(us)|Amazon Echo Look_Our|Amazon Echo Look_Our2|Amazon Echodot3a_IoTLS|Amazon Fire TV_IoTLS|Amazon Fire TV_Mon(uk)|Amazon Fire TV_Mon(us)|Amazon Fire TV_YT|Amazon T-echodot_IoTLS|Amcrest Camera_IoTLS|Amcrest Camera_Mon(us)|Amcrest Camera_Our2|Aqara Camera_selfdata|Aqara Light_selfdata|Aqara Plug_selfdata|Belkin WeMo Switch_YT|Belkin Wemo switch_UNSW|Blink Camera_Mon(uk)|Blink Camera_Mon(us)|Bose Sound Touch10_YT|Canary_YT|D-Link Camera_IoT-Sentinel|D-Link DCS-5009L Camera_YT|D-Link Day Camera_IoT-Sentinel|D-Link Door Sensor_IoT-Sentinel|D-Link Sensor_IoT-Sentinel|D-Link Switch_IoT-Sentinel|D-Link Water Sensor_IoT-Sentinel|Dalen Light_selfdata|Dlink Mov_IoTLS|Dlink Mov_Mon(us)|Drop Camera_UNSW|Edimax Plug1101W_IoT-Sentinel|Edimax Plug2101W_IoT-Sentinel|Flux Bulb_Mon(us)|Fos Camera_Our2|Gosound Plug_selfdata|Govee Sensor_selfdata|HP Printer_UNSW|Harmon Kardon Invoke_YT|Home Matic Plug_IoT-Sentinel|HoneyWell Thermostat_Mon(uk)|Huawei Sound_selfdata|Hue Switch_IoT-Sentinel|Invoke_IoTLS|Invoke_Mon(us)|Koogeek Lightbulb_YT|LG Smart TV_IoTLS|LG Smart TV_Mon(us)|LG Smart TV_Our|LG Smart TV_Our2|LIFX Bulb_YT|Lenovo Camera_selfdata|LiFX Bulb_UNSW|Logitech Logi Circle_YT|Magic Home Strip_Mon(uk)|Magic Home Strip_Mon(us)|Meross Dooropener_IoTLS|Microseven Camera_Mon(us)|Mijia Humidifier_selfdata|Mijia Plug_selfdata|Mijia Plugtwo_selfdata|Nest CamIQ_YT|Nest Camera_Our|Nest Camera_Our2|Nest Camera_YT|Nest Dropcam_UNSW|Nest Tstat_IoTLS|Nest Tstat_Mon(uk)|Nest Tstat_Mon(us)|Netatmo Weather Station_Mon(uk)|Netatmo Weather Station_UNSW|Netatmo Welcome_UNSW|NetgearArlo Camera_YT|Philips Bulb_Mon(us)|Philips Light_selfdata|Ring Doorbell_Mon(uk)|Ring Doorbell_Mon(us)|Ring Doorbell_Our|Ring Doorbell_Our2|Ring Doorbell_YT|Roku TV_IoTLS|Roku TV_Mon(uk)|Roku TV_Mon(us)|Roku TV_YT|Roku4_YT|Roomba_YT|Samsung Dryer_IoTLS|Samsung Dryer_Mon(us)|Samsung Fridge_IoTLS|Samsung Smart TV_Mon(uk)|Samsung Smart TV_Mon(us)|Samsung Smart TV_YT|Samsung SmartCam_UNSW|Samsung Washer_Mon(us)|Sansung Fridge_Mon(us)|Smarter Brewer_IoTLS|Smarter Brewer_Mon(us)|Smarter Coffee_IoT-Sentinel|Smarter Coffee_Mon(uk)|Smartmi Humidifier_selfdata|Sonoff Camera_selfdata|Sonos_YT|T-wemo Plug_Mon(uk)|T-wemo Plug_Mon(us)|TP-Link Blub_IoTLS|TP-Link Bulb_Mon(uk)|TP-Link Bulb_Mon(us)|TP-Link Camera_selfdata|TP-Link Day Night Cloud camera_UNSW|TP-Link Doorbell_selfdata|TP-Link PlugHS100_IoT-Sentinel|TP-Link PlugHS110_IoT-Sentinel|TP-Link Plug_Mon(uk)|TP-Link Plug_Mon(us)|TP-Link Smart Plug_UNSW|TP-Link SmartWiFi LED Bulb_YT|TP-Link WiFi Plug_IoTLS|TP-Link WiFi Plug_YT|Triby Speaker_UNSW|Tuya Plug_selfdata|Tuya Sensor_selfdata|Wansview Camera Wired_Mon(uk)|Wansview Camera Wired_Mon(us)|WeMo Insight Switch2_IoT-Sentinel|WeMo Insight Switch_IoT-Sentinel|WeMo Switch2_IoT-Sentinel|WeMo Switch_IoT-Sentinel|Wemo Plug_IoTLS|Wiz Light_selfdata|Xiaomi Camera3_selfdata|Xiaomi Camera_Mon(uk)|Xiaomi Camera_selfdata|Xiaomi Cleaner_Mon(uk)|Xiaomi Cleaner_Mon(us)|Xiaomi Strip_Mon(us)|Yi Camera_IoTLS|Yi Camera_Mon(uk)|Yi Camera_Mon(us)|Yingshi Camera_selfdata|Yingshi Plug_selfdata|Zmodo Doorbell_IoTLS|Zmodo Doorbell_Mon(us)|deebot_cleaner|iHome_UNSW|smarter Ikettle_Mon(us)|smarter iKettle2_IoT-Sentinel|smarter ikettle_IoTLS,Amazon,IoT Platform Provider,
D1_C0002,Google Home,Technical Integration,43,136,Amcrest|Aqara|Arlo|Belkin|Bose|Canary|D-Link|Ecovacs|Edimax|Ezviz|Foscam|Google|Harman Kardon|Homematic|HoneyWell|Koogeek|LG|Lenovo|LiFX|Logitech|Magic Home|Meross|Midea|Mijia|Nest|Netatmo|Philips|Roku|Roomba|Samsung|Smarter|Smartmi|Sonoff|Sonos|TP-Link|Tuya|Wansview|Wiz|Xiaomi|Yi|Zmodo|iHome|nVidia,Allure Speaker_Mon(uk)|Amcrest Camera_IoTLS|Amcrest Camera_Mon(us)|Amcrest Camera_Our2|Aqara Camera_selfdata|Aqara Light_selfdata|Aqara Plug_selfdata|Belkin WeMo Switch_YT|Belkin Wemo switch_UNSW|Bose Sound Touch10_YT|Canary_YT|D-Link Camera_IoT-Sentinel|D-Link DCS-5009L Camera_YT|D-Link Day Camera_IoT-Sentinel|D-Link Door Sensor_IoT-Sentinel|D-Link Sensor_IoT-Sentinel|D-Link Water Sensor_IoT-Sentinel|Dlink Mov_IoTLS|Dlink Mov_Mon(us)|Drop Camera_UNSW|Edimax Plug1101W_IoT-Sentinel|Edimax Plug2101W_IoT-Sentinel|Fos Camera_Our2|Google Home Mini3_IoTLS|Google Home Mini_Mon(uk)|Google Home Mini_Mon(us)|Google Home Mini_YT|Google Home_Mon(uk)|Google Home_YT|Harmon Kardon Invoke_YT|Home Matic Plug_IoT-Sentinel|HoneyWell Thermostat_Mon(uk)|Hue Switch_IoT-Sentinel|Invoke_IoTLS|Invoke_Mon(us)|Koogeek Lightbulb_YT|LG Smart TV_IoTLS|LG Smart TV_Mon(us)|LG Smart TV_Our|LG Smart TV_Our2|LIFX Bulb_YT|Lenovo Camera_selfdata|LiFX Bulb_UNSW|Logitech Logi Circle_YT|Magic Home Strip_Mon(uk)|Magic Home Strip_Mon(us)|Meross Dooropener_IoTLS|Midea Light_selfdata|Mijia Plug_selfdata|Mijia Plugtwo_selfdata|Nest CamIQ_YT|Nest Camera_Our|Nest Camera_Our2|Nest Camera_YT|Nest Dropcam_UNSW|Nest Guard_YT|Nest Protect smoke alarm_UNSW|Nest Protect smoke alarm_YT|Nest Tstat_IoTLS|Nest Tstat_Mon(uk)|Nest Tstat_Mon(us)|Netatmo Welcome_UNSW|NetgearArlo Camera_YT|Philips Bulb_Mon(us)|Philips Light_selfdata|Roku TV_IoTLS|Roku TV_Mon(uk)|Roku TV_Mon(us)|Roku TV_YT|Roku4_YT|Roomba_YT|Samsung Dryer_IoTLS|Samsung Dryer_Mon(us)|Samsung Fridge_IoTLS|Samsung Smart TV_Mon(uk)|Samsung Smart TV_Mon(us)|Samsung Smart TV_YT|Samsung SmartCam_UNSW|Samsung Washer_Mon(us)|Sansung Fridge_Mon(us)|Smarter Brewer_IoTLS|Smarter Brewer_Mon(us)|Smarter Coffee_IoT-Sentinel|Smarter Coffee_Mon(uk)|Smartmi Humidifier_selfdata|Sonoff Camera_selfdata|Sonos_YT|T-wemo Plug_Mon(uk)|T-wemo Plug_Mon(us)|TP-Link Blub_IoTLS|TP-Link Bulb_Mon(uk)|TP-Link Bulb_Mon(us)|TP-Link Camera_selfdata|TP-Link Day Night Cloud camera_UNSW|TP-Link Doorbell_selfdata|TP-Link PlugHS100_IoT-Sentinel|TP-Link PlugHS110_IoT-Sentinel|TP-Link Plug_Mon(uk)|TP-Link Plug_Mon(us)|TP-Link Smart Plug_UNSW|TP-Link SmartWiFi LED Bulb_YT|TP-Link WiFi Plug_IoTLS|TP-Link WiFi Plug_YT|Tuya Plug_selfdata|Tuya Sensor_selfdata|Wansview Camera Wired_Mon(uk)|Wansview Camera Wired_Mon(us)|WeMo Insight Switch2_IoT-Sentinel|WeMo Insight Switch_IoT-Sentinel|WeMo Switch2_IoT-Sentinel|WeMo Switch_IoT-Sentinel|Wemo Plug_IoTLS|Wiz Light_selfdata|Xiaomi Camera3_selfdata|Xiaomi Camera_Mon(uk)|Xiaomi Camera_selfdata|Xiaomi Cleaner_Mon(uk)|Xiaomi Cleaner_Mon(us)|Xiaomi Sound_selfdata|Xiaomi Speaker_selfdata|Xiaomi Strip_Mon(us)|Yi Camera_IoTLS|Yi Camera_Mon(uk)|Yi Camera_Mon(us)|Yingshi Camera_selfdata|Yingshi Plug_selfdata|Yingshi Sensor_selfdata|Zmodo Doorbell_IoTLS|Zmodo Doorbell_Mon(us)|deebot_cleaner|iHome_UNSW|nVidia Shield_YT|smarter Ikettle_Mon(us)|smarter iKettle2_IoT-Sentinel|smarter ikettle_IoTLS|xiaomitv_speaker,Google,IoT Platform Provider,
D1_C0003,Matter,Technical Integration,13,66,Amazon|Apple|Aqara|Ecovacs|Google|LG|LiFX|Nest|Philips|Samsung|TP-Link|Tuya|Wiz,Amazon Echo Gen1_Mon(uk)|Amazon Echo Gen1_Mon(us)|Amazon Echo Gen1_Our|Amazon Echo Gen1_Our2|Amazon Echo Gen1_UNSW|Amazon Echo Gen1_YT|Amazon Echo Gen2_IoTLS|Amazon Echo Gen2_Mon(uk)|Amazon Echo Gen2_Mon(us)|Amazon Echo Gen2_Our|Amazon Echo Gen3_IoTLS|Amazon Echo Gen3_Mon(uk)|Amazon Echo Gen3_Mon(us)|Amazon Echodot3a_IoTLS|Amazon Fire TV_IoTLS|Amazon Fire TV_Mon(uk)|Amazon Fire TV_Mon(us)|Amazon Fire TV_YT|Amazon T-echodot_IoTLS|Apple Home Pod_YT|Apple TV(4thGen)_YT|Apple TV_IoTLS|Apple TV_Mon(uk)|Apple TV_Mon(us)|Apple home Pod_IoTLS|Aqara Camera_selfdata|Aqara Light_selfdata|Aqara Plug_selfdata|Google Home Mini3_IoTLS|Google Home Mini_Mon(uk)|Google Home Mini_Mon(us)|Google Home Mini_YT|Google Home_Mon(uk)|Google Home_YT|Hue Switch_IoT-Sentinel|LG Smart TV_IoTLS|LG Smart TV_Mon(us)|LG Smart TV_Our|LG Smart TV_Our2|LIFX Bulb_YT|LiFX Bulb_UNSW|Nest Tstat_IoTLS|Nest Tstat_Mon(uk)|Nest Tstat_Mon(us)|Philips Bulb_Mon(us)|Philips Light_selfdata|Samsung Fridge_IoTLS|Samsung Smart TV_Mon(uk)|Samsung Smart TV_Mon(us)|Samsung Smart TV_YT|Sansung Fridge_Mon(us)|TP-Link Blub_IoTLS|TP-Link Bulb_Mon(uk)|TP-Link Bulb_Mon(us)|TP-Link PlugHS100_IoT-Sentinel|TP-Link PlugHS110_IoT-Sentinel|TP-Link Plug_Mon(uk)|TP-Link Plug_Mon(us)|TP-Link Smart Plug_UNSW|TP-Link SmartWiFi LED Bulb_YT|TP-Link WiFi Plug_IoTLS|TP-Link WiFi Plug_YT|Tuya Plug_selfdata|Tuya Sensor_selfdata|Wiz Light_selfdata|deebot_cleaner,Connectivity Standards Alliance (CSA),IoT Platform Provider,
D1_C0004,Apple HomeKit,Technical Integration,19,59,Apple|Aqara|Arlo|Belkin|D-Link|Ezviz|HoneyWell|Koogeek|LG|LiFX|Logitech|Meross|Netatmo|Philips|Roku|Smartmi|Sonos|TP-Link|Xiaomi,Apple Home Pod_YT|Apple TV(4thGen)_YT|Apple TV_IoTLS|Apple TV_Mon(uk)|Apple TV_Mon(us)|Apple home Pod_IoTLS|Aqara Camera_selfdata|Aqara Light_selfdata|Aqara Plug_selfdata|Belkin WeMo Switch_YT|Belkin Wemo switch_UNSW|D-Link Camera_IoT-Sentinel|D-Link DCS-5009L Camera_YT|D-Link Day Camera_IoT-Sentinel|Dlink Mov_IoTLS|Dlink Mov_Mon(us)|HoneyWell Thermostat_Mon(uk)|Hue Switch_IoT-Sentinel|Koogeek Lightbulb_YT|LG Smart TV_IoTLS|LG Smart TV_Mon(us)|LG Smart TV_Our|LG Smart TV_Our2|LIFX Bulb_YT|LiFX Bulb_UNSW|Logitech Logi Circle_YT|Meross Dooropener_IoTLS|Netatmo Weather Station_Mon(uk)|Netatmo Weather Station_UNSW|Netatmo Welcome_UNSW|NetgearArlo Camera_YT|Philips Bulb_Mon(us)|Philips Light_selfdata|Roku TV_IoTLS|Roku TV_Mon(uk)|Roku TV_Mon(us)|Roku TV_YT|Roku4_YT|Smartmi Humidifier_selfdata|Sonos_YT|TP-Link Blub_IoTLS|TP-Link Bulb_Mon(uk)|TP-Link Bulb_Mon(us)|TP-Link Camera_selfdata|TP-Link Day Night Cloud camera_UNSW|TP-Link PlugHS100_IoT-Sentinel|TP-Link PlugHS110_IoT-Sentinel|TP-Link Plug_Mon(uk)|TP-Link Plug_Mon(us)|TP-Link Smart Plug_UNSW|TP-Link SmartWiFi LED Bulb_YT|TP-Link WiFi Plug_IoTLS|TP-Link WiFi Plug_YT|WeMo Insight Switch2_IoT-Sentinel|WeMo Insight Switch_IoT-Sentinel|WeMo Switch2_IoT-Sentinel|WeMo Switch_IoT-Sentinel|Xiaomi Strip_Mon(us)|Yingshi Camera_selfdata,Apple,IoT Platform Provider,
D1_C0005,SmartThings,Technical Integration,12,42,Bose|HoneyWell|LiFX|Meross|Nest|Philips|Roomba|Samsung|Sonos|TP-Link|Tuya|Wiz,Bose Sound Touch10_YT|Drop Camera_UNSW|HoneyWell Thermostat_Mon(uk)|Hue Switch_IoT-Sentinel|LIFX Bulb_YT|LiFX Bulb_UNSW|Meross Dooropener_IoTLS|Nest CamIQ_YT|Nest Camera_Our|Nest Camera_Our2|Nest Camera_YT|Nest Dropcam_UNSW|Nest Tstat_IoTLS|Nest Tstat_Mon(uk)|Nest Tstat_Mon(us)|Philips Bulb_Mon(us)|Philips Light_selfdata|Roomba_YT|Samsung Dryer_IoTLS|Samsung Dryer_Mon(us)|Samsung Fridge_IoTLS|Samsung Smart TV_Mon(uk)|Samsung Smart TV_Mon(us)|Samsung Smart TV_YT|Samsung SmartCam_UNSW|Samsung Washer_Mon(us)|Sansung Fridge_Mon(us)|Sonos_YT|TP-Link Blub_IoTLS|TP-Link Bulb_Mon(uk)|TP-Link Bulb_Mon(us)|TP-Link PlugHS100_IoT-Sentinel|TP-Link PlugHS110_IoT-Sentinel|TP-Link Plug_Mon(uk)|TP-Link Plug_Mon(us)|TP-Link Smart Plug_UNSW|TP-Link SmartWiFi LED Bulb_YT|TP-Link WiFi Plug_IoTLS|TP-Link WiFi Plug_YT|Tuya Plug_selfdata|Tuya Sensor_selfdata|Wiz Light_selfdata,Samsung,IoT Platform Provider,
D1_C0006,Xiaomi Mi Home,Technical Integration,8,26,Aqara|Bull|Mijia|Philips|Smartmi|Xiaobai|Xiaomi|Xiaovv,Aqara Camera_selfdata|Aqara Light_selfdata|Aqara Plug_selfdata|Bull Plug_selfdata|Hue Switch_IoT-Sentinel|Mijia Humidifier_selfdata|Mijia Plug_selfdata|Mijia Plugtwo_selfdata|Philips Bulb_Mon(us)|Philips Light_selfdata|Smartmi Humidifier_selfdata|Xiaobai Camera_selfdata|Xiaobai Doorbell_selfdata|Xiaobai Y2camera_selfdata|Xiaomi Camera3_selfdata|Xiaomi Camera_Mon(uk)|Xiaomi Camera_selfdata|Xiaomi Cleaner_Mon(uk)|Xiaomi Cleaner_Mon(us)|Xiaomi Ricecooker_Mon(us)|Xiaomi Sound_selfdata|Xiaomi Speaker_selfdata|Xiaomi Strip_Mon(us)|Xiaovv Camera_selfdata|xiaobaismart_camera|xiaomitv_speaker,Xiaomi,IoT Platform Provider,
D1_C0007,Corporate Affiliation (Amazon/Ring),Corporate Affiliation,2,26,Amazon|Ring,Amazon Echo Gen1_Mon(uk)|Amazon Echo Gen1_Mon(us)|Amazon Echo Gen1_Our|Amazon Echo Gen1_Our2|Amazon Echo Gen1_UNSW|Amazon Echo Gen1_YT|Amazon Echo Gen2_IoTLS|Amazon Echo Gen2_Mon(uk)|Amazon Echo Gen2_Mon(us)|Amazon Echo Gen2_Our|Amazon Echo Gen3_IoTLS|Amazon Echo Gen3_Mon(uk)|Amazon Echo Gen3_Mon(us)|Amazon Echo Look_Our|Amazon Echo Look_Our2|Amazon Echodot3a_IoTLS|Amazon Fire TV_IoTLS|Amazon Fire TV_Mon(uk)|Amazon Fire TV_Mon(us)|Amazon Fire TV_YT|Amazon T-echodot_IoTLS|Ring Doorbell_Mon(uk)|Ring Doorbell_Mon(us)|Ring Doorbell_Our|Ring Doorbell_Our2|Ring Doorbell_YT,,Corporate Affiliation,
D1_C0008,Corporate Affiliation (Amazon/Blink),Corporate Affiliation,2,23,Amazon|Blink,Amazon Echo Gen1_Mon(uk)|Amazon Echo Gen1_Mon(us)|Amazon Echo Gen1_Our|Amazon Echo Gen1_Our2|Amazon Echo Gen1_UNSW|Amazon Echo Gen1_YT|Amazon Echo Gen2_IoTLS|Amazon Echo Gen2_Mon(uk)|Amazon Echo Gen2_Mon(us)|Amazon Echo Gen2_Our|Amazon Echo Gen3_IoTLS|Amazon Echo Gen3_Mon(uk)|Amazon Echo Gen3_Mon(us)|Amazon Echo Look_Our|Amazon Echo Look_Our2|Amazon Echodot3a_IoTLS|Amazon Fire TV_IoTLS|Amazon Fire TV_Mon(uk)|Amazon Fire TV_Mon(us)|Amazon Fire TV_YT|Amazon T-echodot_IoTLS|Blink Camera_Mon(uk)|Blink Camera_Mon(us),,Corporate Affiliation,
D1_C0009,Amazon Key,Technical Integration,2,18,Amazon|Chamberlain,Amazon Echo Gen1_Mon(uk)|Amazon Echo Gen1_Mon(us)|Amazon Echo Gen1_Our|Amazon Echo Gen1_Our2|Amazon Echo Gen1_UNSW|Amazon Echo Gen1_YT|Amazon Echo Gen2_IoTLS|Amazon Echo Gen2_Mon(uk)|Amazon Echo Gen2_Mon(us)|Amazon Echo Gen2_Our|Amazon Echo Gen3_IoTLS|Amazon Echo Gen3_Mon(uk)|Amazon Echo Gen3_Mon(us)|Amazon Echo Look_Our|Amazon Echo Look_Our2|Amazon Echodot3a_IoTLS|Amazon T-echodot_IoTLS|Chamberlain myq Garage Opener_YT,Amazon,IoT Platform Provider,
D1_C0010,Corporate Affiliation (Google/Nest),Corporate Affiliation,2,18,Google|Nest,Drop Camera_UNSW|Google Home Mini3_IoTLS|Google Home Mini_Mon(uk)|Google Home Mini_Mon(us)|Google Home Mini_YT|Google Home_Mon(uk)|Google Home_YT|Nest CamIQ_YT|Nest Camera_Our|Nest Camera_Our2|Nest Camera_YT|Nest Dropcam_UNSW|Nest Guard_YT|Nest Protect smoke alarm_UNSW|Nest Protect smoke alarm_YT|Nest Tstat_IoTLS|Nest Tstat_Mon(uk)|Nest Tstat_Mon(us),,Corporate Affiliation,
D1_C0011,Google Assistant,Technical Integration,8,17,Bose|Canary|Google|Gosound|Harman Kardon|Lenovo|Sonos|Zmodo,Allure Speaker_Mon(uk)|Bose Sound Touch10_YT|Canary_YT|Google Home Mini3_IoTLS|Google Home Mini_Mon(uk)|Google Home Mini_Mon(us)|Google Home Mini_YT|Google Home_Mon(uk)|Google Home_YT|Gosound Plug_selfdata|Harmon Kardon Invoke_YT|Invoke_IoTLS|Invoke_Mon(us)|Lenovo Camera_selfdata|Sonos_YT|Zmodo Doorbell_IoTLS|Zmodo Doorbell_Mon(us),Google,IoT Platform Provider,
D1_C0012,Works with Nest,Technical Integration,4,17,Chamberlain|LiFX|Nest|Withings,Chamberlain myq Garage Opener_YT|Drop Camera_UNSW|LIFX Bulb_YT|LiFX Bulb_UNSW|Nest CamIQ_YT|Nest Camera_Our|Nest Camera_Our2|Nest Camera_YT|Nest Dropcam_UNSW|Nest Guard_YT|Nest Protect smoke alarm_UNSW|Nest Protect smoke alarm_YT|Nest Tstat_IoTLS|Nest Tstat_Mon(uk)|Nest Tstat_Mon(us)|Withings Aura smart sleep sensor_UNSW|Withings Smart scale_UNSW,Google / Nest,IoT Platform Provider,
D1_C0013,Tmall Genie,Technical Integration,10,15,Aqara|Bull|Ecovacs|Ezviz|Hongyar|Magic Home|Midea|Philips|Tianmao|Tuya,Aqara Light_selfdata|Aqara Plug_selfdata|Bull Plug_selfdata|Hongyar Plug_selfdata|Hue Switch_IoT-Sentinel|Magic Home Strip_Mon(uk)|Magic Home Strip_Mon(us)|Midea Light_selfdata|Philips Bulb_Mon(us)|Philips Light_selfdata|Tianmao Speaker_selfdata|Tuya Plug_selfdata|Tuya Sensor_selfdata|Yingshi Camera_selfdata|deebot_cleaner,Alibaba,IoT Platform Provider,
D1_C0014,Corporate Affiliation (Mercury/TP-Link),Corporate Affiliation,2,15,Mercury|TP-Link,Shuixing Camera_selfdata|TP-Link Blub_IoTLS|TP-Link Bulb_Mon(uk)|TP-Link Bulb_Mon(us)|TP-Link Camera_selfdata|TP-Link Day Night Cloud camera_UNSW|TP-Link Doorbell_selfdata|TP-Link PlugHS100_IoT-Sentinel|TP-Link PlugHS110_IoT-Sentinel|TP-Link Plug_Mon(uk)|TP-Link Plug_Mon(us)|TP-Link Smart Plug_UNSW|TP-Link SmartWiFi LED Bulb_YT|TP-Link WiFi Plug_IoTLS|TP-Link WiFi Plug_YT,,Corporate Affiliation,
D1_C0015,Corporate Affiliation (Harman Kardon/Samsung),Corporate Affiliation,2,13,Harman Kardon|Samsung,Allure Speaker_Mon(uk)|Harmon Kardon Invoke_YT|Invoke_IoTLS|Invoke_Mon(us)|Samsung Dryer_IoTLS|Samsung Dryer_Mon(us)|Samsung Fridge_IoTLS|Samsung Smart TV_Mon(uk)|Samsung Smart TV_Mon(us)|Samsung Smart TV_YT|Samsung SmartCam_UNSW|Samsung Washer_Mon(us)|Sansung Fridge_Mon(us),,Corporate Affiliation,
D1_C0016,Corporate Affiliation (Mijia/Xiaomi),Corporate Affiliation,2,13,Mijia|Xiaomi,Mijia Humidifier_selfdata|Mijia Plug_selfdata|Mijia Plugtwo_selfdata|Xiaomi Camera3_selfdata|Xiaomi Camera_Mon(uk)|Xiaomi Camera_selfdata|Xiaomi Cleaner_Mon(uk)|Xiaomi Cleaner_Mon(us)|Xiaomi Ricecooker_Mon(us)|Xiaomi Sound_selfdata|Xiaomi Speaker_selfdata|Xiaomi Strip_Mon(us)|xiaomitv_speaker,,Corporate Affiliation,
D1_C0017,DuerOS,Technical Integration,7,12,Aqara|Ecovacs|Ezviz|Lecheng|Midea|Tuya|Xiaodu,Aqara Light_selfdata|Aqara Plug_selfdata|Lecheng Camera_selfdata|Midea Light_selfdata|Tuya Plug_selfdata|Tuya Sensor_selfdata|Xiaodu Clock_selfdata|Xiaodu Plug_selfdata|Xiaodu Sensor_selfdata|Yingshi Camera_selfdata|deebot_cleaner|xiaodu_speaker,Baidu,IoT Platform Provider,
D1_C0018,HarmonyOS Connect,Technical Integration,9,12,Bull|Dalen|Ecovacs|Hongyar|Honorxiaotun|Huawei|Midea|Pisen|Xiaotun,Bull Plug_selfdata|Dalen Light_selfdata|Hongyar Plug_selfdata|Honorxiaotun Camera_selfdata|Huawei Camera_selfdata|Huawei Sound_selfdata|Huaweizhengtai Plug_selfdata|Midea Light_selfdata|Pisen Camera_selfdata|Xiaotun Camera_selfdata|deebot_cleaner|huawei_tv,Huawei,IoT Platform Provider,
D1_C0019,Apple AirPlay,Technical Integration,4,12,Apple|Bose|Harman Kardon|Sonos,Allure Speaker_Mon(uk)|Apple Home Pod_YT|Apple TV(4thGen)_YT|Apple TV_IoTLS|Apple TV_Mon(uk)|Apple TV_Mon(us)|Apple home Pod_IoTLS|Bose Sound Touch10_YT|Harmon Kardon Invoke_YT|Invoke_IoTLS|Invoke_Mon(us)|Sonos_YT,Apple,Foundational Cloud Provider,Content service provider
D1_C0020,Logitech Harmony,Technical Integration,4,10,HoneyWell|LiFX|Philips|Roku,HoneyWell Thermostat_Mon(uk)|LIFX Bulb_YT|LiFX Bulb_UNSW|Philips Bulb_Mon(us)|Philips Light_selfdata|Roku TV_IoTLS|Roku TV_Mon(uk)|Roku TV_Mon(us)|Roku TV_YT|Roku4_YT,Logitech,IoT Platform Provider,
D1_C0021,Google Meet,Technical Integration,2,7,Google|Logitech,Google Home Mini3_IoTLS|Google Home Mini_Mon(uk)|Google Home Mini_Mon(us)|Google Home Mini_YT|Google Home_Mon(uk)|Google Home_YT|Logitech Logi Circle_YT,Google,Foundational Cloud Provider,Application-level service provider
D1_C0022,Samsung Health,Technical Integration,2,7,Samsung|Withings,Samsung Fridge_IoTLS|Samsung Smart TV_Mon(uk)|Samsung Smart TV_Mon(us)|Samsung Smart TV_YT|Sansung Fridge_Mon(us)|Withings Aura smart sleep sensor_UNSW|Withings Smart scale_UNSW,Samsung,Foundational Cloud Provider,Application-level service provider
D1_C0023,Roku TV,Technical Integration,2,6,Bose|Roku,Bose Sound Touch10_YT|Roku TV_IoTLS|Roku TV_Mon(uk)|Roku TV_Mon(us)|Roku TV_YT|Roku4_YT,Roku,Foundational Cloud Provider,Content service provider
D1_C0024,Ring App,Technical Integration,2,6,Chamberlain|Ring,Chamberlain myq Garage Opener_YT|Ring Doorbell_Mon(uk)|Ring Doorbell_Mon(us)|Ring Doorbell_Our|Ring Doorbell_Our2|Ring Doorbell_YT,Ring / Amazon,IoT Platform Provider,
D1_C0025,Works with Ring,Technical Integration,2,6,HoneyWell|Ring,HoneyWell Thermostat_Mon(uk)|Ring Doorbell_Mon(uk)|Ring Doorbell_Mon(us)|Ring Doorbell_Our|Ring Doorbell_Our2|Ring Doorbell_YT,Ring / Amazon,IoT Platform Provider,
D1_C0026,JD Joylink,Technical Integration,4,5,Bull|Ecovacs|JD|Philips,Bull Plug_selfdata|JD Camera_selfdata|Philips Bulb_Mon(us)|Philips Light_selfdata|deebot_cleaner,JD,IoT Platform Provider,
D1_C0027,Tuya,Technical Integration,4,5,Gosound|Hongyar|Lenovo|Tuya,Gosound Plug_selfdata|Hongyar Plug_selfdata|Lenovo Camera_selfdata|Tuya Plug_selfdata|Tuya Sensor_selfdata,Tuya,IoT Platform Provider,
D1_C0028,NVIDIA GeForce NOW,Technical Integration,2,5,LG|nVidia,LG Smart TV_IoTLS|LG Smart TV_Mon(us)|LG Smart TV_Our|LG Smart TV_Our2|nVidia Shield_YT,NVIDIA,Foundational Cloud Provider,Content service provider
D1_C0029,Apple HealthKit,Technical Integration,2,4,Apple|Withings,Apple Home Pod_YT|Apple home Pod_IoTLS|Withings Aura smart sleep sensor_UNSW|Withings Smart scale_UNSW,Apple,Foundational Cloud Provider,Application-level service provider
D1_C0030,Aqara Home,Technical Integration,2,4,Aqara|Sonos,Aqara Camera_selfdata|Aqara Light_selfdata|Aqara Plug_selfdata|Sonos_YT,Aqara,IoT Platform Provider,
D1_C0031,Corporate Affiliation (Philips/Wiz),Corporate Affiliation,2,4,Philips|Wiz,Hue Switch_IoT-Sentinel|Philips Bulb_Mon(us)|Philips Light_selfdata|Wiz Light_selfdata,,Corporate Affiliation,
D1_C0032,Alarm.com,Technical Integration,2,3,Chamberlain|Philips,Chamberlain myq Garage Opener_YT|Philips Bulb_Mon(us)|Philips Light_selfdata,Alarm.com,IoT Platform Provider,
D1_C0033,Huawei OceanConnect,Technical Integration,2,3,Huawei|Philips,Huawei Camera_selfdata|Philips Bulb_Mon(us)|Philips Light_selfdata,Huawei,Foundational Cloud Provider,IoT middleware provider
D1_C0034,Honeywell Total Connect,Technical Integration,2,2,Chamberlain|HoneyWell,Chamberlain myq Garage Opener_YT|HoneyWell Thermostat_Mon(uk),Honeywell,IoT Platform Provider,
D1_C0035,Microsoft Teams Rooms,Technical Integration,2,2,Lenovo|Logitech,Lenovo Camera_selfdata|Logitech Logi Circle_YT,Microsoft,Foundational Cloud Provider,Application-level service provider
D1_C0036,Corporate Affiliation (JD/Xiaojingyu),Corporate Affiliation,2,2,JD|Xiaojingyu,JD Camera_selfdata|Xiaojingyu Clock_selfdata,,Corporate Affiliation,
