Source,Category,Num_Devices,Devices
D1,D1_only,162,360 Camera_IoTLifeCycle|Allure Speaker_Mon(uk)|Amazon Echo Gen1_Mon(uk)|Amazon Echo Gen1_Mon(us)|Amazon Echo Gen1_Our|Amazon Echo Gen1_Our2|Amazon Echo Gen1_UNSW|Amazon Echo Gen1_YT|Amazon Echo Gen2_IoTLS|Amazon Echo Gen2_Mon(uk)|Amazon Echo Gen2_Mon(us)|Amazon Echo Gen2_Our|Amazon Echo Gen3_IoTLS|Amazon Echo Gen3_Mon(uk)|Amazon Echo Gen3_Mon(us)|Amazon Echo Look_Our|Amazon Echo Look_Our2|Amazon Echodot3a_IoTLS|Amazon Fire TV_IoTLS|Amazon Fire TV_Mon(uk)|Amazon Fire TV_Mon(us)|Amazon Fire TV_YT|Amazon T-echodot_IoTLS|Amcrest Camera_IoTLS|Amcrest Camera_Mon(us)|Amcrest Camera_Our2|Aqara Camera_IoTLifeCycle|Aqara Light_IoTLifeCycle|Aqara Plug_IoTLifeCycle|Belkin WeMo Switch_YT|Belkin Wemo switch_UNSW|Blink Camera_Mon(uk)|Blink Camera_Mon(us)|Bose Sound Touch10_YT|Canary_YT|D-Link Camera_IoT-Sentinel|D-Link DCS-5009L Camera_YT|D-Link Day Camera_IoT-Sentinel|D-Link Door Sensor_IoT-Sentinel|D-Link Sensor_IoT-Sentinel|D-Link Switch_IoT-Sentinel|D-Link Water Sensor_IoT-Sentinel|Dalen Light_IoTLifeCycle|Dlink Mov_IoTLS|Dlink Mov_Mon(us)|Drop Camera_UNSW|Edimax Plug1101W_IoT-Sentinel|Edimax Plug2101W_IoT-Sentinel|Flux Bulb_Mon(us)|Fos Camera_Our2|Gosound Plug_IoTLifeCycle|Govee Sensor_IoTLifeCycle|HP Printer_UNSW|Harmon Kardon Invoke_YT|Home Matic Plug_IoT-Sentinel|HoneyWell Thermostat_Mon(uk)|Huawei Sound_IoTLifeCycle|Hue Switch_IoT-Sentinel|Invoke_IoTLS|Invoke_Mon(us)|Koogeek Lightbulb_YT|LG Smart TV_IoTLS|LG Smart TV_Mon(us)|LG Smart TV_Our|LG Smart TV_Our2|LIFX Bulb_YT|Lenovo Camera_IoTLifeCycle|LiFX Bulb_UNSW|Logitech Logi Circle_YT|Magic Home Strip_Mon(uk)|Magic Home Strip_Mon(us)|Meross Dooropener_IoTLS|Microseven Camera_Mon(us)|Mijia Humidifier_IoTLifeCycle|Mijia Plug_IoTLifeCycle|Mijia Plugtwo_IoTLifeCycle|Nest CamIQ_YT|Nest Camera_Our|Nest Camera_Our2|Nest Camera_YT|Nest Dropcam_UNSW|Nest Tstat_IoTLS|Nest Tstat_Mon(uk)|Nest Tstat_Mon(us)|Netatmo Weather Station_Mon(uk)|Netatmo Weather Station_UNSW|Netatmo Welcome_UNSW|NetgearArlo Camera_YT|Philips Bulb_Mon(us)|Philips Light_IoTLifeCycle|Ring Doorbell_Mon(uk)|Ring Doorbell_Mon(us)|Ring Doorbell_Our|Ring Doorbell_Our2|Ring Doorbell_YT|Roku TV_IoTLS|Roku TV_Mon(uk)|Roku TV_Mon(us)|Roku TV_YT|Roku4_YT|Roomba_YT|Samsung Dryer_IoTLS|Samsung Dryer_Mon(us)|Samsung Fridge_IoTLS|Samsung Smart TV_Mon(uk)|Samsung Smart TV_Mon(us)|Samsung Smart TV_YT|Samsung SmartCam_UNSW|Samsung Washer_Mon(us)|Sansung Fridge_Mon(us)|Smarter Brewer_IoTLS|Smarter Brewer_Mon(us)|Smarter Coffee_IoT-Sentinel|Smarter Coffee_Mon(uk)|Smartmi Humidifier_IoTLifeCycle|Sonoff Camera_IoTLifeCycle|Sonos_YT|T-wemo Plug_Mon(uk)|T-wemo Plug_Mon(us)|TP-Link Blub_IoTLS|TP-Link Bulb_Mon(uk)|TP-Link Bulb_Mon(us)|TP-Link Camera_IoTLifeCycle|TP-Link Day Night Cloud camera_UNSW|TP-Link Doorbell_IoTLifeCycle|TP-Link PlugHS100_IoT-Sentinel|TP-Link PlugHS110_IoT-Sentinel|TP-Link Plug_Mon(uk)|TP-Link Plug_Mon(us)|TP-Link Smart Plug_UNSW|TP-Link SmartWiFi LED Bulb_YT|TP-Link WiFi Plug_IoTLS|TP-Link WiFi Plug_YT|Triby Speaker_UNSW|Tuya Plug_IoTLifeCycle|Tuya Sensor_IoTLifeCycle|Wansview Camera Wired_Mon(uk)|Wansview Camera Wired_Mon(us)|WeMo Insight Switch2_IoT-Sentinel|WeMo Insight Switch_IoT-Sentinel|WeMo Switch2_IoT-Sentinel|WeMo Switch_IoT-Sentinel|Wemo Plug_IoTLS|Wiz Light_IoTLifeCycle|Xiaomi Camera3_IoTLifeCycle|Xiaomi Camera_IoTLifeCycle|Xiaomi Camera_Mon(uk)|Xiaomi Cleaner_Mon(uk)|Xiaomi Cleaner_Mon(us)|Xiaomi Strip_Mon(us)|Yi Camera_IoTLS|Yi Camera_Mon(uk)|Yi Camera_Mon(us)|Yingshi Camera_IoTLifeCycle|Yingshi Plug_IoTLifeCycle|Zmodo Doorbell_IoTLS|Zmodo Doorbell_Mon(us)|deebot_cleaner_IoTLifeCycle|iHome_UNSW|smarter Ikettle_Mon(us)|smarter iKettle2_IoT-Sentinel|smarter ikettle_IoTLS
D1,D1_only,136,Allure Speaker_Mon(uk)|Amcrest Camera_IoTLS|Amcrest Camera_Mon(us)|Amcrest Camera_Our2|Aqara Camera_IoTLifeCycle|Aqara Light_IoTLifeCycle|Aqara Plug_IoTLifeCycle|Belkin WeMo Switch_YT|Belkin Wemo switch_UNSW|Bose Sound Touch10_YT|Canary_YT|D-Link Camera_IoT-Sentinel|D-Link DCS-5009L Camera_YT|D-Link Day Camera_IoT-Sentinel|D-Link Door Sensor_IoT-Sentinel|D-Link Sensor_IoT-Sentinel|D-Link Water Sensor_IoT-Sentinel|Dlink Mov_IoTLS|Dlink Mov_Mon(us)|Drop Camera_UNSW|Edimax Plug1101W_IoT-Sentinel|Edimax Plug2101W_IoT-Sentinel|Fos Camera_Our2|Google Home Mini3_IoTLS|Google Home Mini_Mon(uk)|Google Home Mini_Mon(us)|Google Home Mini_YT|Google Home_Mon(uk)|Google Home_YT|Harmon Kardon Invoke_YT|Home Matic Plug_IoT-Sentinel|HoneyWell Thermostat_Mon(uk)|Hue Switch_IoT-Sentinel|Invoke_IoTLS|Invoke_Mon(us)|Koogeek Lightbulb_YT|LG Smart TV_IoTLS|LG Smart TV_Mon(us)|LG Smart TV_Our|LG Smart TV_Our2|LIFX Bulb_YT|Lenovo Camera_IoTLifeCycle|LiFX Bulb_UNSW|Logitech Logi Circle_YT|Magic Home Strip_Mon(uk)|Magic Home Strip_Mon(us)|Meross Dooropener_IoTLS|Midea Light_IoTLifeCycle|Mijia Plug_IoTLifeCycle|Mijia Plugtwo_IoTLifeCycle|Nest CamIQ_YT|Nest Camera_Our|Nest Camera_Our2|Nest Camera_YT|Nest Dropcam_UNSW|Nest Guard_YT|Nest Protect smoke alarm_UNSW|Nest Protect smoke alarm_YT|Nest Tstat_IoTLS|Nest Tstat_Mon(uk)|Nest Tstat_Mon(us)|Netatmo Welcome_UNSW|NetgearArlo Camera_YT|Philips Bulb_Mon(us)|Philips Light_IoTLifeCycle|Roku TV_IoTLS|Roku TV_Mon(uk)|Roku TV_Mon(us)|Roku TV_YT|Roku4_YT|Roomba_YT|Samsung Dryer_IoTLS|Samsung Dryer_Mon(us)|Samsung Fridge_IoTLS|Samsung Smart TV_Mon(uk)|Samsung Smart TV_Mon(us)|Samsung Smart TV_YT|Samsung SmartCam_UNSW|Samsung Washer_Mon(us)|Sansung Fridge_Mon(us)|Smarter Brewer_IoTLS|Smarter Brewer_Mon(us)|Smarter Coffee_IoT-Sentinel|Smarter Coffee_Mon(uk)|Smartmi Humidifier_IoTLifeCycle|Sonoff Camera_IoTLifeCycle|Sonos_YT|T-wemo Plug_Mon(uk)|T-wemo Plug_Mon(us)|TP-Link Blub_IoTLS|TP-Link Bulb_Mon(uk)|TP-Link Bulb_Mon(us)|TP-Link Camera_IoTLifeCycle|TP-Link Day Night Cloud camera_UNSW|TP-Link Doorbell_IoTLifeCycle|TP-Link PlugHS100_IoT-Sentinel|TP-Link PlugHS110_IoT-Sentinel|TP-Link Plug_Mon(uk)|TP-Link Plug_Mon(us)|TP-Link Smart Plug_UNSW|TP-Link SmartWiFi LED Bulb_YT|TP-Link WiFi Plug_IoTLS|TP-Link WiFi Plug_YT|Tuya Plug_IoTLifeCycle|Tuya Sensor_IoTLifeCycle|Wansview Camera Wired_Mon(uk)|Wansview Camera Wired_Mon(us)|WeMo Insight Switch2_IoT-Sentinel|WeMo Insight Switch_IoT-Sentinel|WeMo Switch2_IoT-Sentinel|WeMo Switch_IoT-Sentinel|Wemo Plug_IoTLS|Wiz Light_IoTLifeCycle|Xiaomi Camera3_IoTLifeCycle|Xiaomi Camera_IoTLifeCycle|Xiaomi Camera_Mon(uk)|Xiaomi Cleaner_Mon(uk)|Xiaomi Cleaner_Mon(us)|Xiaomi Sound_IoTLifeCycle|Xiaomi Speaker_IoTLifeCycle|Xiaomi Strip_Mon(us)|Yi Camera_IoTLS|Yi Camera_Mon(uk)|Yi Camera_Mon(us)|Yingshi Camera_IoTLifeCycle|Yingshi Plug_IoTLifeCycle|Yingshi Sensor_IoTLifeCycle|Zmodo Doorbell_IoTLS|Zmodo Doorbell_Mon(us)|deebot_cleaner_IoTLifeCycle|iHome_UNSW|nVidia Shield_YT|smarter Ikettle_Mon(us)|smarter iKettle2_IoT-Sentinel|smarter ikettle_IoTLS|xiaomitv_speaker_IoTLifeCycle
D1,D1_only,66,Amazon Echo Gen1_Mon(uk)|Amazon Echo Gen1_Mon(us)|Amazon Echo Gen1_Our|Amazon Echo Gen1_Our2|Amazon Echo Gen1_UNSW|Amazon Echo Gen1_YT|Amazon Echo Gen2_IoTLS|Amazon Echo Gen2_Mon(uk)|Amazon Echo Gen2_Mon(us)|Amazon Echo Gen2_Our|Amazon Echo Gen3_IoTLS|Amazon Echo Gen3_Mon(uk)|Amazon Echo Gen3_Mon(us)|Amazon Echodot3a_IoTLS|Amazon Fire TV_IoTLS|Amazon Fire TV_Mon(uk)|Amazon Fire TV_Mon(us)|Amazon Fire TV_YT|Amazon T-echodot_IoTLS|Apple Home Pod_YT|Apple TV(4thGen)_YT|Apple TV_IoTLS|Apple TV_Mon(uk)|Apple TV_Mon(us)|Apple home Pod_IoTLS|Aqara Camera_IoTLifeCycle|Aqara Light_IoTLifeCycle|Aqara Plug_IoTLifeCycle|Google Home Mini3_IoTLS|Google Home Mini_Mon(uk)|Google Home Mini_Mon(us)|Google Home Mini_YT|Google Home_Mon(uk)|Google Home_YT|Hue Switch_IoT-Sentinel|LG Smart TV_IoTLS|LG Smart TV_Mon(us)|LG Smart TV_Our|LG Smart TV_Our2|LIFX Bulb_YT|LiFX Bulb_UNSW|Nest Tstat_IoTLS|Nest Tstat_Mon(uk)|Nest Tstat_Mon(us)|Philips Bulb_Mon(us)|Philips Light_IoTLifeCycle|Samsung Fridge_IoTLS|Samsung Smart TV_Mon(uk)|Samsung Smart TV_Mon(us)|Samsung Smart TV_YT|Sansung Fridge_Mon(us)|TP-Link Blub_IoTLS|TP-Link Bulb_Mon(uk)|TP-Link Bulb_Mon(us)|TP-Link PlugHS100_IoT-Sentinel|TP-Link PlugHS110_IoT-Sentinel|TP-Link Plug_Mon(uk)|TP-Link Plug_Mon(us)|TP-Link Smart Plug_UNSW|TP-Link SmartWiFi LED Bulb_YT|TP-Link WiFi Plug_IoTLS|TP-Link WiFi Plug_YT|Tuya Plug_IoTLifeCycle|Tuya Sensor_IoTLifeCycle|Wiz Light_IoTLifeCycle|deebot_cleaner_IoTLifeCycle
D1,D1_only,59,Apple Home Pod_YT|Apple TV(4thGen)_YT|Apple TV_IoTLS|Apple TV_Mon(uk)|Apple TV_Mon(us)|Apple home Pod_IoTLS|Aqara Camera_IoTLifeCycle|Aqara Light_IoTLifeCycle|Aqara Plug_IoTLifeCycle|Belkin WeMo Switch_YT|Belkin Wemo switch_UNSW|D-Link Camera_IoT-Sentinel|D-Link DCS-5009L Camera_YT|D-Link Day Camera_IoT-Sentinel|Dlink Mov_IoTLS|Dlink Mov_Mon(us)|HoneyWell Thermostat_Mon(uk)|Hue Switch_IoT-Sentinel|Koogeek Lightbulb_YT|LG Smart TV_IoTLS|LG Smart TV_Mon(us)|LG Smart TV_Our|LG Smart TV_Our2|LIFX Bulb_YT|LiFX Bulb_UNSW|Logitech Logi Circle_YT|Meross Dooropener_IoTLS|Netatmo Weather Station_Mon(uk)|Netatmo Weather Station_UNSW|Netatmo Welcome_UNSW|NetgearArlo Camera_YT|Philips Bulb_Mon(us)|Philips Light_IoTLifeCycle|Roku TV_IoTLS|Roku TV_Mon(uk)|Roku TV_Mon(us)|Roku TV_YT|Roku4_YT|Smartmi Humidifier_IoTLifeCycle|Sonos_YT|TP-Link Blub_IoTLS|TP-Link Bulb_Mon(uk)|TP-Link Bulb_Mon(us)|TP-Link Camera_IoTLifeCycle|TP-Link Day Night Cloud camera_UNSW|TP-Link PlugHS100_IoT-Sentinel|TP-Link PlugHS110_IoT-Sentinel|TP-Link Plug_Mon(uk)|TP-Link Plug_Mon(us)|TP-Link Smart Plug_UNSW|TP-Link SmartWiFi LED Bulb_YT|TP-Link WiFi Plug_IoTLS|TP-Link WiFi Plug_YT|WeMo Insight Switch2_IoT-Sentinel|WeMo Insight Switch_IoT-Sentinel|WeMo Switch2_IoT-Sentinel|WeMo Switch_IoT-Sentinel|Xiaomi Strip_Mon(us)|Yingshi Camera_IoTLifeCycle
D1,D1_only,42,Bose Sound Touch10_YT|Drop Camera_UNSW|HoneyWell Thermostat_Mon(uk)|Hue Switch_IoT-Sentinel|LIFX Bulb_YT|LiFX Bulb_UNSW|Meross Dooropener_IoTLS|Nest CamIQ_YT|Nest Camera_Our|Nest Camera_Our2|Nest Camera_YT|Nest Dropcam_UNSW|Nest Tstat_IoTLS|Nest Tstat_Mon(uk)|Nest Tstat_Mon(us)|Philips Bulb_Mon(us)|Philips Light_IoTLifeCycle|Roomba_YT|Samsung Dryer_IoTLS|Samsung Dryer_Mon(us)|Samsung Fridge_IoTLS|Samsung Smart TV_Mon(uk)|Samsung Smart TV_Mon(us)|Samsung Smart TV_YT|Samsung SmartCam_UNSW|Samsung Washer_Mon(us)|Sansung Fridge_Mon(us)|Sonos_YT|TP-Link Blub_IoTLS|TP-Link Bulb_Mon(uk)|TP-Link Bulb_Mon(us)|TP-Link PlugHS100_IoT-Sentinel|TP-Link PlugHS110_IoT-Sentinel|TP-Link Plug_Mon(uk)|TP-Link Plug_Mon(us)|TP-Link Smart Plug_UNSW|TP-Link SmartWiFi LED Bulb_YT|TP-Link WiFi Plug_IoTLS|TP-Link WiFi Plug_YT|Tuya Plug_IoTLifeCycle|Tuya Sensor_IoTLifeCycle|Wiz Light_IoTLifeCycle
D1,D1_only,26,Aqara Camera_IoTLifeCycle|Aqara Light_IoTLifeCycle|Aqara Plug_IoTLifeCycle|Bull Plug_IoTLifeCycle|Hue Switch_IoT-Sentinel|Mijia Humidifier_IoTLifeCycle|Mijia Plug_IoTLifeCycle|Mijia Plugtwo_IoTLifeCycle|Philips Bulb_Mon(us)|Philips Light_IoTLifeCycle|Smartmi Humidifier_IoTLifeCycle|Xiaobai Camera_IoTLifeCycle|Xiaobai Doorbell_IoTLifeCycle|Xiaobai Y2camera_IoTLifeCycle|Xiaomi Camera3_IoTLifeCycle|Xiaomi Camera_IoTLifeCycle|Xiaomi Camera_Mon(uk)|Xiaomi Cleaner_Mon(uk)|Xiaomi Cleaner_Mon(us)|Xiaomi Ricecooker_Mon(us)|Xiaomi Sound_IoTLifeCycle|Xiaomi Speaker_IoTLifeCycle|Xiaomi Strip_Mon(us)|Xiaovv Camera_IoTLifeCycle|xiaobaismart_camera_IoTLifeCycle|xiaomitv_speaker_IoTLifeCycle
D1,D1_only,26,Amazon Echo Gen1_Mon(uk)|Amazon Echo Gen1_Mon(us)|Amazon Echo Gen1_Our|Amazon Echo Gen1_Our2|Amazon Echo Gen1_UNSW|Amazon Echo Gen1_YT|Amazon Echo Gen2_IoTLS|Amazon Echo Gen2_Mon(uk)|Amazon Echo Gen2_Mon(us)|Amazon Echo Gen2_Our|Amazon Echo Gen3_IoTLS|Amazon Echo Gen3_Mon(uk)|Amazon Echo Gen3_Mon(us)|Amazon Echo Look_Our|Amazon Echo Look_Our2|Amazon Echodot3a_IoTLS|Amazon Fire TV_IoTLS|Amazon Fire TV_Mon(uk)|Amazon Fire TV_Mon(us)|Amazon Fire TV_YT|Amazon T-echodot_IoTLS|Ring Doorbell_Mon(uk)|Ring Doorbell_Mon(us)|Ring Doorbell_Our|Ring Doorbell_Our2|Ring Doorbell_YT
D1,D1_only,23,Amazon Echo Gen1_Mon(uk)|Amazon Echo Gen1_Mon(us)|Amazon Echo Gen1_Our|Amazon Echo Gen1_Our2|Amazon Echo Gen1_UNSW|Amazon Echo Gen1_YT|Amazon Echo Gen2_IoTLS|Amazon Echo Gen2_Mon(uk)|Amazon Echo Gen2_Mon(us)|Amazon Echo Gen2_Our|Amazon Echo Gen3_IoTLS|Amazon Echo Gen3_Mon(uk)|Amazon Echo Gen3_Mon(us)|Amazon Echo Look_Our|Amazon Echo Look_Our2|Amazon Echodot3a_IoTLS|Amazon Fire TV_IoTLS|Amazon Fire TV_Mon(uk)|Amazon Fire TV_Mon(us)|Amazon Fire TV_YT|Amazon T-echodot_IoTLS|Blink Camera_Mon(uk)|Blink Camera_Mon(us)
D1,D1_only,18,Amazon Echo Gen1_Mon(uk)|Amazon Echo Gen1_Mon(us)|Amazon Echo Gen1_Our|Amazon Echo Gen1_Our2|Amazon Echo Gen1_UNSW|Amazon Echo Gen1_YT|Amazon Echo Gen2_IoTLS|Amazon Echo Gen2_Mon(uk)|Amazon Echo Gen2_Mon(us)|Amazon Echo Gen2_Our|Amazon Echo Gen3_IoTLS|Amazon Echo Gen3_Mon(uk)|Amazon Echo Gen3_Mon(us)|Amazon Echo Look_Our|Amazon Echo Look_Our2|Amazon Echodot3a_IoTLS|Amazon T-echodot_IoTLS|Chamberlain myq Garage Opener_YT
D1,D1_only,18,Drop Camera_UNSW|Google Home Mini3_IoTLS|Google Home Mini_Mon(uk)|Google Home Mini_Mon(us)|Google Home Mini_YT|Google Home_Mon(uk)|Google Home_YT|Nest CamIQ_YT|Nest Camera_Our|Nest Camera_Our2|Nest Camera_YT|Nest Dropcam_UNSW|Nest Guard_YT|Nest Protect smoke alarm_UNSW|Nest Protect smoke alarm_YT|Nest Tstat_IoTLS|Nest Tstat_Mon(uk)|Nest Tstat_Mon(us)
D1,D1_only,17,Allure Speaker_Mon(uk)|Bose Sound Touch10_YT|Canary_YT|Google Home Mini3_IoTLS|Google Home Mini_Mon(uk)|Google Home Mini_Mon(us)|Google Home Mini_YT|Google Home_Mon(uk)|Google Home_YT|Gosound Plug_IoTLifeCycle|Harmon Kardon Invoke_YT|Invoke_IoTLS|Invoke_Mon(us)|Lenovo Camera_IoTLifeCycle|Sonos_YT|Zmodo Doorbell_IoTLS|Zmodo Doorbell_Mon(us)
D1,D1_only,17,Chamberlain myq Garage Opener_YT|Drop Camera_UNSW|LIFX Bulb_YT|LiFX Bulb_UNSW|Nest CamIQ_YT|Nest Camera_Our|Nest Camera_Our2|Nest Camera_YT|Nest Dropcam_UNSW|Nest Guard_YT|Nest Protect smoke alarm_UNSW|Nest Protect smoke alarm_YT|Nest Tstat_IoTLS|Nest Tstat_Mon(uk)|Nest Tstat_Mon(us)|Withings Aura smart sleep sensor_UNSW|Withings Smart scale_UNSW
D1,D1_only,15,Aqara Light_IoTLifeCycle|Aqara Plug_IoTLifeCycle|Bull Plug_IoTLifeCycle|Hongyar Plug_IoTLifeCycle|Hue Switch_IoT-Sentinel|Magic Home Strip_Mon(uk)|Magic Home Strip_Mon(us)|Midea Light_IoTLifeCycle|Philips Bulb_Mon(us)|Philips Light_IoTLifeCycle|Tianmao Speaker_IoTLifeCycle|Tuya Plug_IoTLifeCycle|Tuya Sensor_IoTLifeCycle|Yingshi Camera_IoTLifeCycle|deebot_cleaner_IoTLifeCycle
D1,D1_only,15,Shuixing Camera_IoTLifeCycle|TP-Link Blub_IoTLS|TP-Link Bulb_Mon(uk)|TP-Link Bulb_Mon(us)|TP-Link Camera_IoTLifeCycle|TP-Link Day Night Cloud camera_UNSW|TP-Link Doorbell_IoTLifeCycle|TP-Link PlugHS100_IoT-Sentinel|TP-Link PlugHS110_IoT-Sentinel|TP-Link Plug_Mon(uk)|TP-Link Plug_Mon(us)|TP-Link Smart Plug_UNSW|TP-Link SmartWiFi LED Bulb_YT|TP-Link WiFi Plug_IoTLS|TP-Link WiFi Plug_YT
D1,D1_only,13,Allure Speaker_Mon(uk)|Harmon Kardon Invoke_YT|Invoke_IoTLS|Invoke_Mon(us)|Samsung Dryer_IoTLS|Samsung Dryer_Mon(us)|Samsung Fridge_IoTLS|Samsung Smart TV_Mon(uk)|Samsung Smart TV_Mon(us)|Samsung Smart TV_YT|Samsung SmartCam_UNSW|Samsung Washer_Mon(us)|Sansung Fridge_Mon(us)
D1,D1_only,13,Mijia Humidifier_IoTLifeCycle|Mijia Plug_IoTLifeCycle|Mijia Plugtwo_IoTLifeCycle|Xiaomi Camera3_IoTLifeCycle|Xiaomi Camera_IoTLifeCycle|Xiaomi Camera_Mon(uk)|Xiaomi Cleaner_Mon(uk)|Xiaomi Cleaner_Mon(us)|Xiaomi Ricecooker_Mon(us)|Xiaomi Sound_IoTLifeCycle|Xiaomi Speaker_IoTLifeCycle|Xiaomi Strip_Mon(us)|xiaomitv_speaker_IoTLifeCycle
D1,D1_only,12,Aqara Light_IoTLifeCycle|Aqara Plug_IoTLifeCycle|Lecheng Camera_IoTLifeCycle|Midea Light_IoTLifeCycle|Tuya Plug_IoTLifeCycle|Tuya Sensor_IoTLifeCycle|Xiaodu Clock_IoTLifeCycle|Xiaodu Plug_IoTLifeCycle|Xiaodu Sensor_IoTLifeCycle|Yingshi Camera_IoTLifeCycle|deebot_cleaner_IoTLifeCycle|xiaodu_speaker_IoTLifeCycle
D1,D1_only,12,Bull Plug_IoTLifeCycle|Dalen Light_IoTLifeCycle|Hongyar Plug_IoTLifeCycle|Honorxiaotun Camera_IoTLifeCycle|Huawei Camera_IoTLifeCycle|Huawei Sound_IoTLifeCycle|Huaweizhengtai Plug_IoTLifeCycle|Midea Light_IoTLifeCycle|Pisen Camera_IoTLifeCycle|Xiaotun Camera_IoTLifeCycle|deebot_cleaner_IoTLifeCycle|huawei_tv_IoTLifeCycle
D1,D1_only,12,Allure Speaker_Mon(uk)|Apple Home Pod_YT|Apple TV(4thGen)_YT|Apple TV_IoTLS|Apple TV_Mon(uk)|Apple TV_Mon(us)|Apple home Pod_IoTLS|Bose Sound Touch10_YT|Harmon Kardon Invoke_YT|Invoke_IoTLS|Invoke_Mon(us)|Sonos_YT
D1,D1_only,10,HoneyWell Thermostat_Mon(uk)|LIFX Bulb_YT|LiFX Bulb_UNSW|Philips Bulb_Mon(us)|Philips Light_IoTLifeCycle|Roku TV_IoTLS|Roku TV_Mon(uk)|Roku TV_Mon(us)|Roku TV_YT|Roku4_YT
D1,D1_only,7,Google Home Mini3_IoTLS|Google Home Mini_Mon(uk)|Google Home Mini_Mon(us)|Google Home Mini_YT|Google Home_Mon(uk)|Google Home_YT|Logitech Logi Circle_YT
D1,D1_only,7,Samsung Fridge_IoTLS|Samsung Smart TV_Mon(uk)|Samsung Smart TV_Mon(us)|Samsung Smart TV_YT|Sansung Fridge_Mon(us)|Withings Aura smart sleep sensor_UNSW|Withings Smart scale_UNSW
D1,D1_only,6,Bose Sound Touch10_YT|Roku TV_IoTLS|Roku TV_Mon(uk)|Roku TV_Mon(us)|Roku TV_YT|Roku4_YT
D1,D1_only,6,Chamberlain myq Garage Opener_YT|Ring Doorbell_Mon(uk)|Ring Doorbell_Mon(us)|Ring Doorbell_Our|Ring Doorbell_Our2|Ring Doorbell_YT
D1,D1_only,6,HoneyWell Thermostat_Mon(uk)|Ring Doorbell_Mon(uk)|Ring Doorbell_Mon(us)|Ring Doorbell_Our|Ring Doorbell_Our2|Ring Doorbell_YT
D1,D1_only,5,Bull Plug_IoTLifeCycle|JD Camera_IoTLifeCycle|Philips Bulb_Mon(us)|Philips Light_IoTLifeCycle|deebot_cleaner_IoTLifeCycle
D1,D1_only,5,Gosound Plug_IoTLifeCycle|Hongyar Plug_IoTLifeCycle|Lenovo Camera_IoTLifeCycle|Tuya Plug_IoTLifeCycle|Tuya Sensor_IoTLifeCycle
D1,D1_only,5,LG Smart TV_IoTLS|LG Smart TV_Mon(us)|LG Smart TV_Our|LG Smart TV_Our2|nVidia Shield_YT
D1,D1_only,4,Apple Home Pod_YT|Apple home Pod_IoTLS|Withings Aura smart sleep sensor_UNSW|Withings Smart scale_UNSW
D1,D1_only,4,Aqara Camera_IoTLifeCycle|Aqara Light_IoTLifeCycle|Aqara Plug_IoTLifeCycle|Sonos_YT
D1,D1_only,4,Hue Switch_IoT-Sentinel|Philips Bulb_Mon(us)|Philips Light_IoTLifeCycle|Wiz Light_IoTLifeCycle
D1,D1_only,3,Chamberlain myq Garage Opener_YT|Philips Bulb_Mon(us)|Philips Light_IoTLifeCycle
D1,D1_only,3,Huawei Camera_IoTLifeCycle|Philips Bulb_Mon(us)|Philips Light_IoTLifeCycle
D1,D1_only,2,Chamberlain myq Garage Opener_YT|HoneyWell Thermostat_Mon(uk)
D1,D1_only,2,Lenovo Camera_IoTLifeCycle|Logitech Logi Circle_YT
D1,D1_only,2,JD Camera_IoTLifeCycle|Xiaojingyu Clock_IoTLifeCycle
D2,D2_only,18,Amazon Echo Gen1_Mon(uk)|Amazon Echo Gen1_Mon(us)|Amazon Echo Gen1_Our|Amazon Echo Gen1_Our2|Amazon Echo Gen2_IoTLS|Amazon Echo Gen2_Mon(uk)|Amazon Echo Gen2_Mon(us)|Amazon Echo Gen3_IoTLS|Amazon Echo Gen3_Mon(uk)|Amazon Echo Gen3_Mon(us)|Amazon Echo Look_Our2|Amazon Fire TV_IoTLS|Amazon Fire TV_Mon(uk)|Amazon Fire TV_Mon(us)|Amazon Fire TV_YT|Amazon T-echodot_IoTLS|Cloud Camera_Mon(us)|Samsung Dryer_IoTLS
D2,D2_only,18,Amazon Echo Gen1_Mon(uk)|Amazon Echo Gen1_Mon(us)|Amazon Echo Gen1_Our2|Amazon Echo Gen1_UNSW|Amazon Echo Gen1_YT|Amazon Echo Gen2_IoTLS|Amazon Echo Gen2_Mon(uk)|Amazon Echo Gen2_Mon(us)|Amazon Echo Gen3_IoTLS|Amazon Echo Gen3_Mon(uk)|Amazon Echo Gen3_Mon(us)|Amazon Fire TV_IoTLS|Amazon Fire TV_Mon(uk)|Amazon Fire TV_Mon(us)|Amazon Fire TV_YT|Amazon T-echodot_IoTLS|Cloud Camera_Mon(us)|Samsung Dryer_IoTLS
D2,D2_only,17,Amazon Echo Gen1_Mon(uk)|Amazon Echo Gen1_Mon(us)|Amazon Echo Gen1_Our|Amazon Echo Gen2_IoTLS|Amazon Echo Gen2_Mon(uk)|Amazon Echo Gen2_Mon(us)|Amazon Echo Gen3_IoTLS|Amazon Echo Gen3_Mon(uk)|Amazon Echo Gen3_Mon(us)|Amazon Echo Look_Our2|Amazon Fire TV_IoTLS|Amazon Fire TV_Mon(uk)|Amazon Fire TV_Mon(us)|Amazon Fire TV_YT|Amazon T-echodot_IoTLS|Cloud Camera_Mon(us)|Samsung Dryer_IoTLS
D2,D2_only,17,Amazon Echo Gen1_Mon(uk)|Amazon Echo Gen1_Mon(us)|Amazon Echo Gen1_Our|Amazon Echo Gen1_YT|Amazon Echo Gen2_IoTLS|Amazon Echo Gen2_Mon(uk)|Amazon Echo Gen2_Mon(us)|Amazon Echo Gen3_Mon(uk)|Amazon Echo Gen3_Mon(us)|Amazon Echodot3a_IoTLS|Amazon Fire TV_IoTLS|Amazon Fire TV_Mon(uk)|Amazon Fire TV_Mon(us)|Amazon Fire TV_YT|Amazon T-echodot_IoTLS|Cloud Camera_Mon(us)|Samsung Dryer_IoTLS
D2,D2_only,17,Allure Speaker_Mon(uk)|Amazon Echo Gen1_Mon(uk)|Amazon Echo Gen1_Mon(us)|Amazon Echo Gen1_Our|Amazon Echo Gen1_Our2|Amazon Echo Gen2_Mon(uk)|Amazon Echo Gen2_Mon(us)|Amazon Echo Gen3_IoTLS|Amazon Echo Gen3_Mon(uk)|Amazon Echo Gen3_Mon(us)|Amazon Echodot3a_IoTLS|Amazon Fire TV_IoTLS|Amazon Fire TV_Mon(uk)|Amazon Fire TV_Mon(us)|Amazon Fire TV_YT|Cloud Camera_Mon(us)|Samsung Smart TV_YT
D2,D1&D2\D3,14,Allure Speaker_Mon(uk)|Amazon Echo Gen1_Mon(uk)|Amazon Echo Gen1_Mon(us)|Amazon Echo Gen1_Our2|Amazon Echo Gen1_YT|Amazon Echo Gen2_IoTLS|Amazon Echo Gen2_Mon(uk)|Amazon Echo Gen2_Mon(us)|Amazon Echo Gen3_IoTLS|Amazon Echo Gen3_Mon(uk)|Amazon Echo Gen3_Mon(us)|Amazon Fire TV_IoTLS|Amazon Fire TV_Mon(us)|Samsung Dryer_IoTLS
D2,D1&D2\D3,13,Amazon Echo Gen1_Mon(uk)|Amazon Echo Gen1_Mon(us)|Amazon Echo Gen2_IoTLS|Amazon Echo Gen2_Mon(uk)|Amazon Echo Gen2_Mon(us)|Amazon Echo Gen3_IoTLS|Amazon Echo Gen3_Mon(uk)|Amazon Echo Gen3_Mon(us)|Amazon Fire TV_Mon(uk)|Amazon Fire TV_Mon(us)|Amazon Fire TV_YT|Amazon T-echodot_IoTLS|Samsung Dryer_IoTLS
D2,D1&D2\D3,12,Amazon Echo Gen1_Mon(uk)|Amazon Echo Gen1_Mon(us)|Amazon Echo Gen1_Our|Amazon Echo Gen2_IoTLS|Amazon Echo Gen2_Mon(uk)|Amazon Echo Gen2_Mon(us)|Amazon Echo Gen3_IoTLS|Amazon Echo Gen3_Mon(uk)|Amazon Echo Gen3_Mon(us)|Amazon Echodot3a_IoTLS|Amazon T-echodot_IoTLS|Samsung Dryer_IoTLS
D2,D2_only,9,Amazon Fire TV_YT|Google Home Mini3_IoTLS|Google Home Mini_Mon(uk)|Google Home Mini_Mon(us)|Google Home Mini_YT|Google Home_Mon(uk)|Google Home_YT|Nest Guard_YT|nVidia Shield_YT
D2,D2_only,8,Amazon Fire TV_Mon(us)|LG Smart TV_Mon(us)|Roku TV_Mon(uk)|Roku TV_Mon(us)|Roku TV_YT|Roku4_YT|Samsung Smart TV_YT|nVidia Shield_YT
D2,D1&D2\D3,8,Google Home Mini_Mon(uk)|Google Home Mini_Mon(us)|Google Home Mini_YT|Google Home_Mon(uk)|Google Home_YT|Samsung Smart TV_Mon(us)|Samsung Smart TV_YT|nVidia Shield_YT
D2,D1&D2\D3,8,Google Home Mini3_IoTLS|Google Home Mini_Mon(uk)|Google Home Mini_Mon(us)|Google Home Mini_YT|Google Home_Mon(uk)|Google Home_YT|Samsung Smart TV_YT|nVidia Shield_YT
D2,D1&D2\D3,7,Google Home Mini3_IoTLS|Google Home Mini_Mon(uk)|Google Home Mini_Mon(us)|Google Home Mini_YT|Google Home_Mon(uk)|Google Home_YT|nVidia Shield_YT
D2,D2_only,7,Amazon Echo Gen1_Our2|Amazon Echo Gen2_Mon(uk)|Amazon Echo Gen3_Mon(us)|Amazon Fire TV_Mon(uk)|Amazon Fire TV_Mon(us)|Amazon Fire TV_YT|Cloud Camera_Mon(us)
D2,D1&D2\D3,7,Amazon Fire TV_Mon(us)|LG Smart TV_Mon(us)|Roku TV_Mon(uk)|Roku TV_Mon(us)|Roku TV_YT|Roku4_YT|Samsung Smart TV_YT
D2,D1&D2\D3,7,Amazon Echo Gen1_UNSW|Amazon Echo Gen1_YT|Amazon Echo Gen2_IoTLS|Amazon Echo Gen2_Mon(us)|Amazon Fire TV_YT|Amazon T-echodot_IoTLS|Samsung Dryer_IoTLS
D2,D1&D2\D3,7,Amazon Echo Gen3_IoTLS|Amazon Echo Gen3_Mon(uk)|Amazon Fire TV_Mon(uk)|Amazon Fire TV_Mon(us)|Amazon Fire TV_YT|LG Smart TV_Mon(us)|Samsung Smart TV_YT
D2,D1&D2\D3,6,Amazon Fire TV_Mon(us)|LG Smart TV_Mon(us)|Roku TV_Mon(uk)|Roku TV_Mon(us)|Roku TV_YT|Samsung Smart TV_YT
D2,D2_only,6,Amazon Echo Gen1_YT|Amazon Echo Gen2_Mon(uk)|Amazon Echo Gen3_Mon(us)|Amazon Fire TV_Mon(us)|Amazon Fire TV_YT|Cloud Camera_Mon(us)
D2,D2_only,6,Apple Home Pod_YT|Apple TV(4thGen)_YT|Apple TV_Mon(uk)|Apple TV_Mon(us)|Apple home Pod_IoTLS|Govee Sensor_IoTLifeCycle
D2,D2_only,6,August Doorbell Camera_YT|D-Link Sensor_IoT-Sentinel|D-Link Siren_IoT-Sentinel|D-Link Switch_IoT-Sentinel|D-Link Water Sensor_IoT-Sentinel|Samsung Smart TV_YT
D2,D1&D2\D3,5,Google Home Mini3_IoTLS|Google Home Mini_Mon(uk)|Google Home Mini_Mon(us)|Google Home_Mon(uk)|nVidia Shield_YT
D2,D1&D2\D3,5,Roku TV_Mon(uk)|Roku TV_Mon(us)|Roku TV_YT|Roku4_YT|Samsung Smart TV_YT
D2,D1&D2\D3,5,LG Smart TV_Mon(us)|Roku TV_Mon(us)|Roku TV_YT|Roku4_YT|Samsung Smart TV_YT
D2,D1&D2\D3,5,Amazon Echo Gen1_Our2|Amazon Echo Gen2_IoTLS|Amazon Echo Gen2_Mon(us)|Amazon T-echodot_IoTLS|Samsung Dryer_IoTLS
D2,D1&D2\D3,5,Google Home Mini_Mon(us)|Google Home Mini_YT|Google Home_YT|Samsung Smart TV_Mon(us)|Samsung Smart TV_YT
D2,D1&D2\D3,5,Amazon Echo Gen1_Our|Roku TV_Mon(us)|Roku TV_YT|Roku4_YT|Samsung Smart TV_YT
D2,D2_only,5,Lenovo Camera_IoTLifeCycle|Pisen Camera_IoTLifeCycle|Tenda Camera_IoTLifeCycle|Xiaobai Camera_IoTLifeCycle|Xiaopai Camera_IoTLifeCycle
D2,D2_only,5,Xiaobai Doorbell_IoTLifeCycle|Xiaobai Y2camera_IoTLifeCycle|Xiaomao Camera_IoTLifeCycle|Xiaomi Camera_IoTLifeCycle|xiaobaismart_camera_IoTLifeCycle
D2,D1&D2\D3,5,Amazon Echo Gen3_Mon(uk)|Amazon Echo Gen3_Mon(us)|Bose Sound Touch10_YT|Roku TV_YT|Roku4_YT
D2,D1&D2\D3,4,Roku TV_Mon(us)|Roku TV_YT|Roku4_YT|Samsung Smart TV_YT
D2,D1&D2\D3,4,Google Home Mini_Mon(uk)|Google Home Mini_YT|Google Home_YT|nVidia Shield_YT
D2,D2_only,4,Apple Home Pod_YT|Apple TV(4thGen)_YT|Apple home Pod_IoTLS|Govee Sensor_IoTLifeCycle
D2,D2_only,4,Apple Home Pod_YT|Apple TV(4thGen)_YT|Apple TV_Mon(uk)|Govee Sensor_IoTLifeCycle
D2,D2_only,4,Apple TV(4thGen)_YT|Apple TV_Mon(uk)|Apple TV_Mon(us)|Govee Sensor_IoTLifeCycle
D2,D2_only,4,Pisen Camera_IoTLifeCycle|Tenda Camera_IoTLifeCycle|Xiaobai Camera_IoTLifeCycle|Xiaopai Camera_IoTLifeCycle
D2,D1&D2\D3,4,Amazon Echo Gen3_Mon(uk)|Amazon Echo Gen3_Mon(us)|Amazon Fire TV_YT|Samsung Smart TV_YT
D2,D2_only,4,Bull Plug_IoTLifeCycle|Xiaobai Camera_IoTLifeCycle|Xiaopai Camera_IoTLifeCycle|deebot_cleaner_IoTLifeCycle
D2,D1&D2\D3,4,Dalen Light_IoTLifeCycle|Huawei Sound_IoTLifeCycle|Huaweizhengtai Plug_IoTLifeCycle|Xiaotun Camera_IoTLifeCycle
D2,D1&D2\D3,4,Smartmi Humidifier_IoTLifeCycle|Xiaomi Camera_Mon(uk)|Xiaomi Strip_Mon(us)|xiaobaismart_camera_IoTLifeCycle
D2,D1&D2\D3,3,Roku TV_YT|Roku4_YT|Samsung Smart TV_YT
D2,D2_only,3,Apple Home Pod_YT|Apple TV(4thGen)_YT|Govee Sensor_IoTLifeCycle
D2,D2_only,3,Tenda Camera_IoTLifeCycle|Xiaobai Camera_IoTLifeCycle|Xiaopai Camera_IoTLifeCycle
D2,D2_only,3,Bull Plug_IoTLifeCycle|Xiaobai Camera_IoTLifeCycle|Xiaopai Camera_IoTLifeCycle
D2,D1&D2\D3,3,Samsung Smart TV_Mon(us)|Samsung Smart TV_YT|nVidia Shield_YT
D2,D2&D3\D1,3,Konka Camera_IoTLifeCycle|Pisen Camera_IoTLifeCycle|Qiaoan Camera_IoTLifeCycle
D2,D2&D3\D1,3,Xiaomao Camera_IoTLifeCycle|Xiaomi Camera3_IoTLifeCycle|xiaomitv_speaker_IoTLifeCycle
D2,D1&D2\D3,3,LG Smart TV_Mon(us)|Samsung Smart TV_Mon(uk)|Samsung Smart TV_YT
D2,D1&D2\D3,3,Amazon Echo Gen1_YT|Google Home Mini_YT|Google Home_YT
D2,D1&D2&D3,3,Canary_YT|Nest CamIQ_YT|Nest Guard_YT
D2,D2_only,3,Lenovo Camera_IoTLifeCycle|Midea Speaker_IoTLifeCycle|Xiaodu Clock_IoTLifeCycle
D2,D1&D2&D3,3,Roku TV_IoTLS|Yi Camera_IoTLS|Yi Camera_Mon(us)
D2,D2&D3\D1,3,Xiaojingyu Clock_IoTLifeCycle|Xiaomi Sound_IoTLifeCycle|Xiaomi Speaker_IoTLifeCycle
D2,D1&D2\D3,2,Roku TV_Mon(us)|Samsung Smart TV_YT
D2,D2&D3\D1,2,Lecheng Camera_IoTLifeCycle|huawei_tv_IoTLifeCycle
D2,D1&D2\D3,2,Google Home Mini3_IoTLS|nVidia Shield_YT
D2,D1&D2\D3,2,LG Smart TV_Mon(us)|Roku TV_Mon(us)
D2,D1&D2\D3,2,Amazon Fire TV_Mon(us)|Roku TV_Mon(uk)
D2,D2_only,2,Apple Home Pod_YT|Govee Sensor_IoTLifeCycle
D2,D1&D2\D3,2,Amazon Fire TV_Mon(uk)|Samsung Smart TV_YT
D2,D1&D2\D3,2,Dalen Light_IoTLifeCycle|Xiaotun Camera_IoTLifeCycle
D2,D2&D3\D1,2,Konka Camera_IoTLifeCycle|Qiaoan Camera_IoTLifeCycle
D2,D2_only,2,Xiaobai Doorbell_IoTLifeCycle|Xiaomao Camera_IoTLifeCycle
D2,D1&D2\D3,2,Google Home_YT|Nest CamIQ_YT
D2,D1&D2&D3,2,Harmon Kardon Invoke_YT|Sonos_YT
D2,D1&D2\D3,2,Philips Light_IoTLifeCycle|Wiz Light_IoTLifeCycle
D2,D2_only,2,Tianmao Speaker_IoTLifeCycle|midea_mirror_IoTLifeCycle
D2,D1&D2\D3,2,Xiaobai Camera_IoTLifeCycle|Xiaomi Camera_Mon(uk)
D2,D2_only,2,Xiaodu Clock_IoTLifeCycle|xiaomitv_speaker_IoTLifeCycle
D3,D3_only,9,Aqara Camera_IoTLifeCycle|Aqara Plug_IoTLifeCycle|Luohe Spycamera_Mon(us)|Sonoff Camera_IoTLifeCycle|Xiaobai Y2camera_IoTLifeCycle|Xiaomao Camera_IoTLifeCycle|Xiaomi Camera3_IoTLifeCycle|Xiaomi Camera_IoTLifeCycle|xiaomitv_speaker_IoTLifeCycle
D3,D3_only,7,Aqara Camera_IoTLifeCycle|Aqara Plug_IoTLifeCycle|Xiaobai Y2camera_IoTLifeCycle|Xiaomao Camera_IoTLifeCycle|Xiaomi Camera_IoTLifeCycle|qianniao_camera_IoTLifeCycle|xiaomitv_speaker_IoTLifeCycle
D3,D3_only,5,Xiaojingyu Clock_IoTLifeCycle|Xiaomi Sound_IoTLifeCycle|Xiaomi Speaker_IoTLifeCycle|huawei_tv_IoTLifeCycle|xiaomitv_speaker_IoTLifeCycle
D3,D1&D3\D2,4,Bose Sound Touch10_YT|Roku4_YT|Samsung Smart TV_YT|Sonos_YT
D3,D1&D3\D2,4,Canary_YT|Nest CamIQ_YT|Nest Guard_YT|Samsung Smart TV_YT
D3,D1&D2&D3,4,Amazon Echo Gen2_IoTLS|Amazon Echo Gen3_IoTLS|Amazon Fire TV_IoTLS|Samsung Dryer_IoTLS
D3,D3_only,4,Apple Home Pod_YT|Apple TV(4thGen)_YT|Roku TV_YT|Samsung Smart TV_YT
D3,D1&D3\D2,4,Google Home Mini_YT|Google Home_YT|Roku TV_YT|Samsung Smart TV_YT
D3,D1&D3\D2,4,Canary_YT|Google Home Mini_YT|Google Home_YT|nVidia Shield_YT
D3,D1&D3\D2,4,Aqara Camera_IoTLifeCycle|Xiaobai Y2camera_IoTLifeCycle|Xiaomi Camera_IoTLifeCycle|xiaomitv_speaker_IoTLifeCycle
D3,D1&D2&D3,3,Google Home Mini_YT|Google Home_YT|nVidia Shield_YT
D3,D1&D3\D2,3,Canary_YT|Roku TV_YT|Samsung Smart TV_YT
D3,D3_only,3,Lecheng Camera_IoTLifeCycle|Xiaomi Sound_IoTLifeCycle|huawei_tv_IoTLifeCycle
D3,D1&D2&D3,3,Amazon Echo Gen2_IoTLS|Amazon Echo Gen3_IoTLS|Samsung Dryer_IoTLS
D3,D1&D2&D3,2,Amazon Fire TV_YT|Samsung Smart TV_YT
D3,D1&D2&D3,2,Google Home_YT|Samsung Smart TV_YT
D3,D1&D2&D3,2,LG Smart TV_Mon(us)|Roku TV_Mon(uk)
D3,D1&D2&D3,2,Amazon Echo Gen2_IoTLS|Samsung Dryer_IoTLS
D3,D1&D2&D3,2,Google Home Mini_YT|nVidia Shield_YT
D3,D1&D2&D3,2,Roku TV_YT|Samsung Smart TV_YT
D3,D3_only,4,Amazon Echo Gen1_Our|Google Home_Mon(uk)|LG Smart TV_Our2|Withings Smart Baby Monitor_UNSW
D3,D1&D3\D2,3,Nest Tstat_IoTLS|Roku TV_IoTLS|Samsung Dryer_IoTLS
D3,D1&D3\D2,3,LG Smart TV_IoTLS|Nest Tstat_IoTLS|Roku TV_IoTLS
D3,D1&D3\D2,3,Amazon Echo Gen3_Mon(us)|Nest Tstat_Mon(uk)|Nest Tstat_Mon(us)
D3,D1&D3\D2,3,Xiaomi Camera_Mon(uk)|Xiaomi Strip_Mon(us)|Yi Camera_Mon(uk)
D3,D1&D3\D2,3,Amazon Echo Gen1_Our|LG Smart TV_Our|LG Smart TV_Our2
D3,D3_only,2,Amazon Echo Gen1_UNSW|Insteon Camera_UNSW
D3,D3_only,2,huawei_tv_IoTLifeCycle|xiaomitv_speaker_IoTLifeCycle
D3,D1&D3\D2,2,Google Home_YT|NetgearArlo Camera_YT
D3,D1&D3\D2,2,Amazon Echo Gen1_Our|LG Smart TV_Our
D3,D1&D3\D2,2,Amazon Echo Gen1_Our|LG Smart TV_Our2
D3,D1&D3\D2,2,Shuixing Camera_IoTLifeCycle|TP-Link Doorbell_IoTLifeCycle
D3,D1&D3\D2,2,Amazon Echo Gen3_Mon(uk)|Nest Tstat_Mon(uk)
D3,D3_only,2,Xiaomi Speaker_IoTLifeCycle|huawei_tv_IoTLifeCycle
D3,D3_only,5,Sonoff Camera_IoTLifeCycle|Xiaobai Y2camera_IoTLifeCycle|Xiaomi Camera3_IoTLifeCycle|Xiaomi Camera_IoTLifeCycle|qianniao_camera_IoTLifeCycle
D3,D2&D3\D1,5,Amazon Echo Gen1_Mon(us)|Amazon Echo Gen2_Mon(us)|Amazon Echo Gen3_Mon(us)|Amazon Fire TV_Mon(us)|Cloud Camera_Mon(us)
D3,D3_only,4,Roku TV_IoTLS|Yi Camera_IoTLS|Yi Camera_Mon(us)|Yibang Camera_IoTLifeCycle
D3,D3_only,4,Xiaobai Y2camera_IoTLifeCycle|Xiaomao Camera_IoTLifeCycle|Xiaomi Camera_IoTLifeCycle|qianniao_camera_IoTLifeCycle
D3,D3_only,4,Konka Camera_IoTLifeCycle|Lenovo Camera_IoTLifeCycle|Pisen Camera_IoTLifeCycle|Qiaoan Camera_IoTLifeCycle
D3,D2&D3\D1,3,Amazon Echo Gen1_Mon(us)|Amazon Fire TV_Mon(us)|Cloud Camera_Mon(us)
D3,D2&D3\D1,3,Konka Camera_IoTLifeCycle|Pisen Camera_IoTLifeCycle|Qiaoan Camera_IoTLifeCycle
D3,D2&D3\D1,3,Amazon Echo Gen3_Mon(us)|Amazon Fire TV_Mon(us)|Cloud Camera_Mon(us)
D3,D2&D3\D1,2,Amazon Echo Gen1_Mon(us)|Cloud Camera_Mon(us)
D3,D2&D3\D1,2,Amazon Fire TV_YT|nVidia Shield_YT
D3,D2&D3\D1,2,Amazon Fire TV_Mon(us)|Cloud Camera_Mon(us)
D3,D1&D2&D3,2,Roku TV_IoTLS|Yi Camera_IoTLS
D3,D1&D2&D3,2,Harmon Kardon Invoke_YT|Sonos_YT
D3,D2&D3\D1,2,August Doorbell Camera_YT|Samsung Smart TV_YT
D3,D2&D3\D1,2,Tenda Camera_IoTLifeCycle|Xiaobai Camera_IoTLifeCycle
D3,D2&D3\D1,2,Amazon Echo Gen3_Mon(us)|Cloud Camera_Mon(us)
D3,D2&D3\D1,2,Lenovo Camera_IoTLifeCycle|Midea Speaker_IoTLifeCycle
D3,D2&D3\D1,2,Lecheng Camera_IoTLifeCycle|huawei_tv_IoTLifeCycle
D3,D1&D2&D3,2,Samsung Smart TV_YT|nVidia Shield_YT
D3,D1&D2&D3,2,Xiaobai Y2camera_IoTLifeCycle|Xiaomi Camera_IoTLifeCycle
D3,D2&D3\D1,2,Konka Camera_IoTLifeCycle|Qiaoan Camera_IoTLifeCycle
D3,D1&D2&D3,2,Huawei Sound_IoTLifeCycle|Xiaotun Camera_IoTLifeCycle
D3,D3_only,4,Apple home Pod_IoTLS|Samsung Dryer_Mon(us)|Samsung Washer_Mon(us)|Sansung Fridge_Mon(us)
D3,D1&D3\D2,3,Hongyar Plug_IoTLifeCycle|Tuya Plug_IoTLifeCycle|Tuya Sensor_IoTLifeCycle
D3,D1&D3\D2,3,Amazon Fire TV_YT|Apple Home Pod_YT|Apple TV(4thGen)_YT
D3,D3_only,3,Belkin WeMo Motion Sensor_YT|Belkin WeMo Switch_YT|nVidia Shield_YT
D3,D3_only,2,Cubetoou Camera_IoTLifeCycle|Honorxiaotun Camera_IoTLifeCycle
D3,D3_only,2,Bosiwo Camera Wired_Mon(uk)|Lefun Camera Wired_Mon(us)
D3,D1&D3\D2,2,Apple TV(4thGen)_YT|Samsung Smart TV_YT
D3,D1&D3\D2,2,Hongyar Plug_IoTLifeCycle|Tuya Plug_IoTLifeCycle
D3,D1&D3\D2,2,Bose Sound Touch10_YT|Samsung Smart TV_YT
D3,D3_only,3,Hongyar Plug_IoTLifeCycle|Smartlife Remote_IoTLS|Tuya Sensor_IoTLifeCycle
D3,D1&D3\D2,2,Nest CamIQ_YT|Roku TV_YT
D3,D3_only,2,Apple home Pod_IoTLS|Huawei Sound_IoTLifeCycle
D3,D1&D3\D2,2,Roku TV_YT|Sonos_YT
D3,D1&D3\D2,2,Ring Doorbell_Mon(uk)|Triby Speaker_UNSW
D3,D3_only,2,Smartlife Bulb_IoTLS|Tuya Plug_IoTLifeCycle
D3,D1&D3\D2,2,Canary_YT|Logitech Logi Circle_YT
D3,D3_only,2,360 Camera_IoTLifeCycle|Xiaojingyu Clock_IoTLifeCycle
D3,D3_only,2,Logitech Logi Circle_YT|Piper NV_YT
D3,D3_only,2,Insteon Camera_UNSW|Samsung Smart TV_Mon(uk)
D3,D3_only,2,August Doorbell Camera_YT|Withings Home_YT
D3,D3_only,2,Insteon Camera_UNSW|Midea Speaker_IoTLifeCycle
D3,D3_only,2,Xiaobai Doorbell_IoTLifeCycle|duonisi_feeder_IoTLifeCycle
D3,D1&D3\D2,2,Google Home Mini_YT|Yi Camera_Mon(uk)
D3,D3_only,2,Midea Speaker_IoTLifeCycle|Zte Camera_IoTLifeCycle
D3,D3_only,2,Flux Bulb_Mon(us)|Smart WiFi Plug01_Our2
